id,algA_mu,algA_s,hubers_mu,hubers_s,Qn,algS,algA_default_s
0,54.753519732037418,2.5982050449316914,54.753519733495878,2.5982050419206963,2.7344873677254982,NA,2.5979108983213717
1,8.2749438886177007,5.6829218498628524,8.2749438886178002,5.6829218498630656,5.5467825936599979,NA,5.6831074930027201
2,69.547572015058265,2.0594422668553056,69.547572063190401,2.0594419363871936,1.7037073945496701,NA,2.0591405195492962
3,63.536541945456868,1.3358277575293931,63.536541946586361,1.3358277469828501,1.2782608059385538,NA,1.3356682951163161
4,28.448922472617536,2.6055053999535938,28.448922472628556,2.6055053999056215,2.5803829260432041,NA,2.6053511432987411
5,11.844422678998741,1.3255051273091727,11.844422678998397,1.325505127306831,1.3995503100193134,NA,1.3253819654146559
6,88.379320104882481,4.1024214652219593,88.379320104882439,4.1024214652218012,4.0921407460822792,NA,4.1022816560177739
7,14.417453791879009,4.6412045854572588,14.417453789897005,4.6412045766813019,4.7655204078466609,NA,4.6408478671311286
8,88.403827464112823,5.2108406439995338,88.403827464112823,5.2108406439995338,3.5920097935110422,NA,5.2108406439995338
9,86.74444444444444,4.0230633427678324,86.74444444444444,4.0230633522703139,4.5377817993200225,NA,4.0236108174515479
10,32.419397282663098,0.93760268443492478,32.419397282646308,0.93760268432032079,0.987629918875921,NA,0.93751535020013643
11,15.943661480462961,4.8863787525305407,15.943661480463073,4.8863787525307663,5.412144557653467,NA,4.886439591795245
12,68.456471045897274,4.3422276181900683,68.456471045897274,4.3422276179675867,4.2406722001409811,NA,4.3417354861664066
13,11.885714285714286,4.70751521880252,11.885714285714286,4.7075152182766269,4.8135767841860417,NA,4.7072454779547748
14,92.626907454971615,6.4700296700324307,92.626907454971615,6.4700296700324307,7.1715197582921331,NA,6.4700296700324307
15,62.401619004290886,3.5246986437816878,62.401619004287035,3.5246986437895522,3.2992064362015272,NA,3.5250213266504145
16,25.575977643811495,5.0353790394325211,25.575977643811495,5.0353790394322795,5.3133795466557654,NA,5.0350852317295374
17,90.013536091015368,6.4049689070367695,90.01353609116515,6.4049689060200814,5.9980728593722015,NA,6.4045616326433201
18,13.830526070634162,5.7963324013135509,13.830523395789891,5.796313802269685,6.2419474675028583,NA,5.7950195293799567
19,33.398335714111681,2.6533523795602321,33.398335714111631,2.6533523795601268,3.0035099562256242,NA,2.6532126720280953
20,56.636653892387073,3.3065894536734248,56.636652329956824,3.3065840487520366,3.0211379833201333,NA,3.3058499806637167
21,4.128235906580767,2.2211899447770715,4.128235906448654,2.2211899435472575,2.2329483113001607,NA,2.2209260903723389
22,26.16919269924179,2.3721571727295134,26.169192699241648,2.3721571727301183,2.6102356885267413,NA,2.372349224947897
23,71.455363632960854,6.0316060299817744,71.455363632960257,6.0316060299799457,6.1332288201342022,NA,6.0313052719357829
24,66.542380407680596,4.8744980550623085,66.542381987827099,4.8744945028732847,3.4005388628761897,NA,4.8738684120967886
25,69.114079788929345,8.1676276516638229,69.114079789054557,8.1676276514064714,8.7838182772830304,NA,8.1669389707219224
26,69.751272412751305,2.1046929191983743,69.751272437106266,2.1046928102743796,2.2270032289753781,NA,2.1043703530248559
27,96.46755472385027,3.2229198642420975,96.467554723850157,3.2229198642423054,2.7695648678938718,NA,3.2229903777192068
28,42.447157083124104,1.9683499686125827,42.447157083084392,1.9683499684895136,2.0304723880675914,NA,1.9681751474302214
29,69.884650827047523,0.68682506285822564,69.884650830544444,0.68682504366202379,0.60622411639607754,NA,0.68669717308826761
30,9.0988116492965396,3.3032115490936214,9.0988116492965379,3.3032115490936209,2.8517608680556323,NA,3.3032115490936214
31,27.986177508885046,0.90324256219520205,27.986177508885085,0.90324256219528487,0.83332455879351952,NA,0.90326345831172994
32,42.68303556587712,1.3919771967999148,42.683035565877091,1.3919771967999932,1.4232416735529643,NA,1.3920770975016818
33,83.215384615384608,0.10645487253927724,83.215384615384622,0.10645487253930368,0.19728006966556619,NA,0.10646268614036629
34,22.630632205890056,4.5994190433702524,22.630632205890056,4.5994190433698137,4.7969622405279697,NA,4.5992076902379075
35,10.525,0.40179565231665298,10.524999999999999,0.40179565231668041,0.36657849837372658,NA,0.4018067741118897
36,79.463038410829128,1.6674904544873101,79.463038411998966,1.6674904519111775,1.7864920528128643,NA,1.6673091644733358
37,23.624612649800167,3.9543899689317383,23.62461264981922,3.9543899688509652,4.0599060205457462,NA,3.954070861758999
38,72.314067824736028,3.3194349196644986,72.314067824733471,3.3194349196590132,3.4655078690138299,NA,3.3192510839366047
39,35.339999999999996,2.2453171793381705,35.339999999999996,2.2453171805686676,2.5212648153000004,NA,2.245567835115224
40,8.9144450628557887,5.209057162072015,8.9144450628556768,5.2090571620724946,5.5870104873665314,NA,5.2092547712280686
41,91.228686492482893,1.5694341302966017,91.228686492500998,1.5694341301732269,1.6919252169728143,NA,1.5693432010244899
42,52.178892052532532,0.23659857252425134,52.178892052532539,0.23659857252426231,0.23777629546978898,NA,0.23661204357385957
43,98.435294117647061,2.4097819891418921,98.435294117647061,2.4097819891419801,2.676988211703923,NA,2.4098797617760068
44,37.357592813655451,3.8874349255535208,37.357592813655508,3.8874349255534213,3.1406922167224218,NA,3.8874092048960387
45,63.340687079534092,1.3848095567387226,63.340687079534064,1.3848095567386607,1.4583179561580193,NA,1.3847662728404952
46,46.084241506319273,1.9651937805160822,46.08424150631928,1.9651937789422442,1.9208104280153624,NA,1.9650065657800151
47,68.634961157571141,1.609249046375594,68.634961157570658,1.6092490463722859,1.5994861196667869,NA,1.6091730805296303
48,61.00813899088687,3.6909873212499842,61.008138990801832,3.6909873208750357,4.2568194057460733,NA,3.6906773632199537
49,33.535766156438683,5.7002420633810855,33.535766156327405,5.7002420631360282,6.2440075328400049,NA,5.6995286730698567
50,66.08348943414525,5.7262968135449333,66.083489434145363,5.7262968135451677,6.4215927841808558,NA,5.7265031940013289
51,10.881203751964856,6.0315847375049074,10.881203751962182,6.0315847374977531,6.2928543318459065,NA,6.0311354097688534
52,23.777566937597779,5.5968955821290214,23.777566937598049,5.59689558212958,6.250298051374819,NA,5.5971140265071773
53,10.381702843001008,3.0893712400138442,10.381702809849239,3.0893710113837831,3.1392892070778529,NA,3.0888077606711164
54,13.196255212127193,4.6921193085467436,13.196255212127191,4.6921193070845435,4.8079340360063982,NA,4.6915523881854657
55,62.317452538801994,3.2254746119804683,62.317452539033034,3.2254746109574697,3.4824956389576114,NA,3.2252039861205155
56,25.597593260984699,3.7615951146540483,25.597593260984695,3.7615951117529209,3.7824575417822932,NA,3.7612845250271496
57,57.070183921918691,2.0152951671329249,57.070183921692262,2.015295166134524,2.0592217013107144,NA,2.0150839380647771
58,82.679869636996358,0.88620683283984247,82.67987670154622,0.88617456910723991,0.93988339829255652,NA,0.88590991231718275
59,77.03952416775077,2.7688922323408129,77.039524155614615,2.7688921805677182,2.7991006200386268,NA,2.7685167153077392
60,7.2676172549047147,0.20092729351818478,7.2676172549047466,0.20092729351796734,0.212537264711254,NA,0.20091849386731242
61,85.791666666666671,0.55468755536076053,85.791666666666657,0.55468755535984215,0.6972326815191372,NA,0.55463467183049342
62,17.996487218740594,3.3068542826732505,17.996487218740594,3.3068542827447556,3.562442101671544,NA,3.3072354759286862
63,97.845725230827597,3.3324685132878753,97.845725230827455,3.3324685132875684,3.2962150101706507,NA,3.3324016406009345
64,63.308834109719477,4.6668666076382115,63.308834109719577,4.6668666076380099,4.8409361383015774,NA,4.6667219342214441
65,36.072058001561686,4.2176613062645885,36.072058001586093,4.2176613060981945,4.652794277343193,NA,4.2174113954781554
66,84.515750185446109,0.14506660844536526,84.515750185471674,0.14506660827043055,0.13966941489936568,NA,0.14504831026938178
67,84.74666666666667,0.12144468357339533,84.74666666666667,0.12144468357340217,0.2043763064683744,NA,0.12145136178899482
68,42.139210814856334,5.2958204170159355,42.139210814856405,5.2958204170160892,4.667976145821604,NA,5.2960400406887773
69,5.0999999999999996,6.3710064616883262,5.0999999999999996,6.3710064616876991,6.838355165176587,NA,6.3709752981582159
70,27.895623714870855,2.7733455708693513,27.895609219880519,2.7732084246087427,2.7325280573203963,NA,2.7723816128566336
71,89.430373989741966,4.8439240752260133,89.430373989742137,4.8439240752256616,5.3786982726400048,NA,4.8436186621007904
72,-1.6466699608638455,3.7789135497774771,-1.6466699598462329,3.7789135475715705,2.4209503670920514,NA,3.7785548658811132
73,21.801294313653774,4.1758394784626773,21.801294313653738,4.1758394784628337,4.4413036283730518,NA,4.1759778689783031
74,96.416063165941409,0.28113604804123821,96.416063165941409,0.28113604807563053,0.29418253034916064,NA,0.28116143563209989
75,44.832097391630526,2.4139826108703413,44.832097391630469,2.4139826108702223,2.1702434692400026,NA,2.4138539052342729
76,31.24886461545691,4.4236413581814862,31.248864615456906,4.4236413573598696,4.1020341940066567,NA,4.4232200752711019
77,29.036363636363635,2.2882943310517443,29.036363636363635,2.2882943310518118,2.3019409890753111,NA,2.288383162160299
78,89.487841422724344,1.2626362077080442,89.487841451864526,1.2626361348240427,1.0896268216446281,NA,1.2624988616241832
79,24.063304977463801,0.22389623096675804,24.063304977467443,0.22389623100083414,0.20105992658350377,NA,0.22393160865839315
80,17.494486933215541,3.6170439062650286,17.494488069358958,3.6170303760860789,3.7144873957606297,NA,3.6162267515470092
81,69.439999999999998,4.1317305511508549,69.439999999999998,4.1317305511508549,4.4746561428799954,NA,4.1317305511508549
82,90.578102984824838,5.1474946637689438,90.57810296980179,5.1474946232192549,5.4805245796708606,NA,5.1469661043524422
83,6.7333333333333334,1.544149295901259,6.7333333333333334,1.5441492937893175,1.5154677900095506,NA,1.5439715327326047
84,58.454063326051831,4.4545099582894334,58.454063324812097,4.4545099528001071,4.4431222285690932,NA,4.4540933884385545
85,60.559283166213852,0.45949832880525693,60.559283166154565,0.45949832854272127,0.36657849291128658,NA,0.45946113210430611
86,86.905555901481961,4.0759188363024785,86.905555901481975,4.07591883630288,4.4699152901587169,NA,4.0760164846136924
87,84.671434400682244,1.1334421460683537,84.671434400684518,1.1334421460838624,1.2723898820897623,NA,1.1335269475863801
88,67.508001505778068,3.6125243246662477,67.508001505778068,3.6125243246345389,3.8872848679691523,NA,3.6123159244635246
89,30.302580111895747,2.8275211935548596,30.302580111834207,2.8275211932835016,3.0888325519660715,NA,2.8272968714546822
90,21.814126832972658,3.4395067029661495,21.814126832972558,3.4395067029659443,3.6170745455408264,NA,3.439418962958126
91,75.393749999999997,1.7617952280762701,75.393750000000011,1.7617952280763345,1.8328924645564069,NA,1.761870835746197
92,24.672456236707848,4.2237399240806983,24.672456236593295,4.223739923847706,3.7485890188821465,NA,4.2235446604353974
93,36.028571428571432,3.8550427490577035,36.028571428571425,3.8550427490577035,4.383180972940008,NA,3.8550427490577035
94,35.382026547951774,2.6990231279977701,35.382026547951718,2.6990231279976538,2.2026096377004278,NA,2.6989230931155626
95,75.366666666666674,4.6613543197565406,75.366666666666674,4.6613543197565406,4.483239776399996,NA,4.6613543197565406
96,2.9978270470349924,3.1749524967987632,2.9978270470327137,3.1749524967917462,3.4168786464902099,NA,3.1747778317049473
97,99.322812917361972,0.78239124235170643,99.322812917362,0.78239124235163193,0.63913037757254176,NA,0.78235343193054618
98,57.362444330387476,6.4398189252503668,57.36244451511957,6.4398185099702285,7.6221452747205705,NA,6.4385788523079599
99,2.2840870098396744,0.9924060459186077,2.2840870087848799,0.99240604359580831,0.89200107612000012,NA,0.99231812018531584
100,97.359658774932967,3.0369823276226375,97.359658774932967,3.0369821203799461,2.695231280837155,NA,3.0366252522091894
101,60.03764286091711,0.182761889664914,60.037642884976421,0.18276183557928774,0.19057308861976027,NA,0.1827373135537595
102,11.789363736057023,3.1668052336525441,11.789363736030332,3.1668052334708654,3.1776725904923997,NA,3.1665556007590947
103,98.377170795096248,2.6681616719220336,98.377170796171171,2.6681616645417061,2.5214001840084608,NA,2.6678022929961993
104,9.7696309222356543,1.5880618996662463,9.7696309222356543,1.58806189966614,1.4527264391049226,NA,1.5879988201036488
105,25.420791793655045,1.8306940211500327,25.420794141707528,1.8306890854578697,2.0170118522399991,NA,1.8302859000354947
106,95.588223359620571,4.0864022460393823,95.5882233596205,4.0864022460396585,4.2415873435275397,NA,4.086543451282532
107,79.037499999999994,5.9861975825531077,79.037499999999994,5.9861967297864132,6.3129621352276581,NA,5.9855155578856358
108,86.606029359817271,4.7983705895260975,86.606029359817271,4.79837058960993,5.0913605060924869,NA,4.7986847121341594
109,23.600000000000001,2.3022103702026726,23.600000000000001,2.3022103702026726,1.775653747560004,NA,2.3022103702026726
110,28.596862400854338,0.83733746977050783,28.596862400854338,0.83733746977048118,0.85539340194565205,NA,0.83732165744931386
111,38.620284494975429,2.484931246240925,38.620284494925215,2.4849312458986099,2.5378877876417523,NA,2.4846790526215514
112,58.127916670934631,4.8385790756885099,58.127916670934638,4.8385790757520901,4.9029047042335572,NA,4.8388723664724358
113,51.198850795962571,1.3915725037255908,51.198850795962535,1.3915725037255238,1.5127588891800097,NA,1.3915136869320168
114,9.0656518398062076,4.4613347753009274,9.0656518398053532,4.4613347752992167,4.5281147642791684,NA,4.4611000966423671
115,97.835480576395767,2.4558964074442917,97.835480576261602,2.4558964071534732,2.7135998982399836,NA,2.4556844176805996
116,99.572110600978988,2.2342560869404346,99.572110600563008,2.2342560887909984,2.4134401382318242,NA,2.2345130918618596
117,15.87407847921809,2.7765755142663631,15.874077280787406,2.7765703559817738,2.7397474202736416,NA,2.7760034743086477
118,87.385489621094763,3.8617169880038711,87.385489621094848,3.8617169880036806,3.9926647545406948,NA,3.8616140950385893
119,79.637338517760313,1.6443580373280176,79.637338517760298,1.6443580373281039,1.5655699544421047,NA,1.6443992704146422
120,60.330548394049195,4.3022681867135191,60.330548394049202,4.3022681867138122,4.2298847755296647,NA,4.3024666184563891
121,5.7740476088729524,6.3928572446035563,5.7740476088728609,6.3928572446037455,6.4534175098405857,NA,6.3930571460532546
122,75.96667704204053,5.50776550576047,75.966676862959588,5.5077647048471903,5.0491449119146932,NA,5.5068922364175226
123,28.264904499073044,0.27949066172288323,28.264904499075591,0.2794906617284017,0.38765713409654134,NA,0.27950871958109824
124,31.672568629577384,0.28343328820839209,31.672568629577384,0.2834332838031437,0.23845297396408732,NA,0.28340649651458449
125,49.252218630175278,2.2940477323967214,49.252218624563845,2.2940477130996815,2.2329483596980118,NA,2.293699663798042
126,25.180238804499297,1.6157523425130278,25.180238804499297,1.6157523425216147,1.6604651468706531,NA,1.61592415177094
127,82.482123538450807,3.1737451281697879,82.482116091476556,3.1737294743679052,3.1936020993800094,NA,3.1731249897742591
128,75.147016774000377,3.8333447558466363,75.147016774000377,3.8333447555871425,4.100129860204702,NA,3.8330684541489468
129,76.170908999986153,3.9072723332736379,76.170908996876562,3.907272327075253,3.7483212677914017,NA,3.9067402614229607
130,66.364655724282301,5.622943046296375,66.364655724282088,5.6229430462968111,5.5397326447815187,NA,5.6230058068451569
131,57.625,2.2807167167669542,57.625,2.2807167167669542,2.5212648153000004,NA,2.2807167167669542
132,31.304597368509771,1.7245038356052711,31.304597368509828,1.7245038356053943,1.6466059213879596,NA,1.7245445283432355
133,95.760979773987387,0.51058576261629463,95.760979764226803,0.51058574067434825,0.57171928005808215,NA,0.51052024314948241
134,21.960775508477873,5.4851914133175868,21.960775508483188,5.48519141329432,5.9497852472991166,NA,5.4848436077851108
135,70.538461538461533,3.2700018907812414,70.538461538461533,3.2700018907815251,3.3537611343396958,NA,3.2701163887483524
136,85.696685717904501,4.9312618390689513,85.696685717904415,4.9312618390687426,4.1447059619906881,NA,4.9310794556205089
137,77.445301393873976,4.9612880394015564,77.445301390858631,4.9612880187395891,4.8924061076315075,NA,4.9606748685352358
138,16.245096864880008,4.3848201883741806,16.245096865022507,4.3848201880876658,4.4971498526392377,NA,4.3845424772912818
139,44.311999999999998,7.0709858324105515,44.311999999999998,7.0709854902198082,6.3447194691043665,NA,7.0702501922085217
140,89.089075581696662,7.478570896853209,89.089076189422727,7.4785696282611536,7.5007906540090339,NA,7.477433354253411
141,28.66,2.261699398457901,28.66,2.2616993980988824,2.0170118522400045,NA,2.2614344614860795
142,90.749689920755102,3.0589161956250326,90.749689920755102,3.0589161956250326,3.3677833711492271,NA,3.0589161956250326
143,72.202406357156377,0.68520619020581053,72.202406357156264,0.68520619020647577,0.63773897143462388,NA,0.68523528649732568
144,62.392835175798865,0.64155337463535456,62.392835175798858,0.6415533746340637,0.66090295006530519,NA,0.64152688470838048
145,90.691539340575204,0.99075633823026332,90.691539340575204,0.9907563382303044,1.2557157327287991,NA,0.99080078392159454
146,70.802697944262206,5.1768642105117362,70.802697944262164,5.1768642105114981,5.4289904583628052,NA,5.1766465199163294
147,65.477810721084609,6.1149905124518407,65.477810721039418,6.1149905123596326,5.8652558865804814,NA,6.114648234828616
148,25.692728126084116,1.5451769697389715,25.692728126084116,1.5451769697388409,1.4630404112770419,NA,1.5451334725067096
149,64.669689299179737,4.4626927404427326,64.669689328146333,4.4626926108938845,4.6608015348848575,NA,4.4620604834869626
150,70.660581552092921,0.84661412160482286,70.660581551647127,0.8466141174421784,0.80482358026290679,NA,0.84650326078100779
151,65.76183488018782,1.2788992012521017,65.761834880187848,1.2788992012521514,1.5154677674273156,NA,1.2789405659443092
152,12.830625981754,3.2893685244976365,12.830625981754,3.2892555753041197,4.1421249245779217,NA,3.2881916096645099
153,47.82301392832747,3.3090361956805467,47.823013928327441,3.3090361956806604,3.4012744298464312,NA,3.3090940436790102
154,94.123928653250331,6.4379859094336211,94.123928653250132,6.4379859094331913,7.9000638187566254,NA,6.4378014606324312
155,87.210216559942907,1.8303411202032132,87.210216942582932,1.8303403419454281,1.8532995311796254,NA,1.8300815622449538
156,64.0872791044455,4.9091506770287392,64.0872791044455,4.9091506770289257,4.9759575432155883,NA,4.9093761478669879
157,96.843999999999994,5.1445785858542656,96.843999999999994,5.1445785484663018,5.2872662242536386,NA,5.1438587221274013
158,65.691991214397419,3.4385281813289397,65.691991214397433,3.4385281813287705,3.7091092266564223,NA,3.4384588093008839
159,1.8949732657564731,1.1046464365067914,1.894973265756795,1.1046464365059292,1.2807813590638073,NA,1.1045705109680135
160,67.054385015023144,4.9565586160624298,67.054385015023144,4.9565586160624298,5.2497290025744796,NA,4.9565586160624298
161,85.5,2.7420457360406969,85.5,2.7420457360406201,2.7397473736160238,NA,2.741995715652521
162,14.202624849527533,6.5897834573073473,14.202624849527483,6.5897834573071448,7.1361245581715185,NA,6.5896801739050197
163,89.298134368818893,5.414925049449379,89.336392798894948,5.2896811501049168,3.2402117174667082,NA,5.1897006850890648
164,78.790513757486295,6.5018295306023184,78.790513757486295,6.5018295333101292,7.5888547341225401,NA,6.5023811885060221
165,72.147333057726186,4.6533388454768971,72.147333066670541,4.6533387619592377,4.473912643007611,NA,4.6526219140115046
166,23.268185286676879,0.92039830857579541,23.268185286676882,0.92039830855252946,1.0540922329034996,NA,0.92034676813933736
167,47.767513162662482,3.2128626038251817,47.767513162585509,3.2128626036181367,3.3989080489810477,NA,3.2124800499950781
168,10.65901764046936,3.5498277511218661,10.65901764046936,3.5498277511221996,3.6500373747788757,NA,3.5498848565861683
169,43.145454545454548,4.204957960562024,43.145454545454541,4.204957955548883,4.0046799416341656,NA,4.2046706996301912
170,66.852328388352248,1.6377787550839276,66.852268188060108,1.6376434283967702,1.1277787589001567,NA,1.6363544482105217
171,75.096449401827698,3.9759405114014137,75.096450058989873,3.9759359555287044,4.1666227318800804,NA,3.975101660970302
172,64.106549650875237,6.0431577486858714,64.106545592752781,6.0431493706910695,5.0764617718100187,NA,6.0425803102839666
173,53.762500000000003,7.6700657769000822,53.762500000000003,7.6700641185838432,8.4698848418799955,NA,7.6687959583219145
174,56.380938658134639,1.9096442022775406,56.380938684354859,1.9096441478682518,1.7763398253638378,NA,1.909374212439976
175,62.260260295153657,4.2419088311270148,62.260260295153564,4.2419088311268416,3.6978550624399924,NA,4.2417583709816737
176,48.667150827632987,2.1441412127972579,48.667150827548198,2.1441412120071455,2.2580575872426709,NA,2.1439487420859549
177,85.220195451304249,2.5480999762313812,85.220195451304178,2.5480999762312191,2.6893491363199904,NA,2.520168556737004
178,75.235138667428274,4.4049537033516764,75.23504635167609,4.4047402492724812,3.8022930278889868,NA,4.403702386324456
179,4.2893110242629113,0.25194224610952543,4.2893110242629087,0.25194224610953497,0.21084578419083311,NA,0.25195062313910155
180,89.422417619137249,4.6027696710366444,89.422417619137349,4.6027696710368371,4.4170734369536069,NA,4.602779528148071
181,41.179411764705883,3.3933877347251489,41.179411764705883,3.3933877347252634,3.435269856405752,NA,3.3934514024282185
182,48.988736665186025,2.1873130741600111,48.988736665186075,2.1873130741599067,2.3787436177403936,NA,2.1872222027046497
183,8.42083763281655,1.5528093073214644,8.4208376328165144,1.5528093073213889,1.512758849105575,NA,1.5527437419484627
184,96.946042301317007,4.2554087873175304,96.946042375495608,4.2554086205630668,4.7137343853890696,NA,4.2546115290286499
185,14.752723650005032,3.9636182500246639,14.752723650034106,3.9636182500841866,3.8831497650356699,NA,3.9639282616027831
186,6.4109158331141938,5.0834326544613884,6.4109158331149079,5.0834326544598616,5.0670638923047591,NA,5.0830928568269353
187,101.67857142857143,5.6420048149732764,101.67857142857143,5.6420048149732756,5.229245033471706,NA,5.6420048149732764
188,52.219165317033841,0.26342241033368408,52.219165317033841,0.26342241033368413,0.17851633533175104,NA,0.26342241033368408
189,62.823528635613478,1.5098002995297519,62.823528634748257,1.5098002976244185,1.6353353416649383,NA,1.5096662108509216
190,46.314869653284831,2.2575217353224,46.314869653284838,2.2575217353083405,2.303063055791684,NA,2.2573665634407107
191,98.880261067515463,1.7035338564811511,98.880261067533169,1.7035338564036124,1.6577830943001539,NA,1.7034251650544896
192,61.51751344846884,0.74983685697128966,61.517513448468833,0.74983685636794473,0.78347258015039667,NA,0.74977226383728146
193,91.943552922635419,3.099906265534794,91.943552922635448,3.0999062655346892,2.7991006677070382,NA,3.0997837724735029
194,31.011351384344973,2.5994561550691087,31.011351384345001,2.5994561550693067,2.6376513422183074,NA,2.5996623567726407
195,94.685250139564801,0.56183621767252523,94.685250139564801,0.56183621767254099,0.59980730977142016,NA,0.56185530180055665
196,64.218334258836393,0.20977839333406215,64.218334258836379,0.20977839333406215,0.18186524934070211,NA,0.20977839333406215
197,62.784769460640824,2.6116906219676439,62.78477326388137,2.6116742520929499,2.1526586873578801,NA,2.6111311899021796
198,38.352155844363985,3.9541625045614257,38.352155844363907,3.9541625045612592,3.402501254352166,NA,3.9540176930671875
199,79.715625000000003,1.889777306827171,79.715624999999989,1.8897773068271055,2.0105992358747744,NA,1.8897328625667196
200,NA,NA,NA,NA,NA,4.6192234988695464,NA
201,NA,NA,NA,NA,NA,3.8406511504111189,NA
202,NA,NA,NA,NA,NA,2.8276659085105256,NA
203,NA,NA,NA,NA,NA,1.2695021485913374,NA
204,NA,NA,NA,NA,NA,2.0685811448876694,NA
205,NA,NA,NA,NA,NA,0.15989831543686334,NA
206,NA,NA,NA,NA,NA,4.0248470524107232,NA
207,NA,NA,NA,NA,NA,2.6064806097482465,NA
208,NA,NA,NA,NA,NA,0.36713424547739748,NA
209,NA,NA,NA,NA,NA,1.5711868400650444,NA
210,NA,NA,NA,NA,NA,2.8983853601956202,NA
211,NA,NA,NA,NA,NA,3.481146810034228,NA
212,NA,NA,NA,NA,NA,4.567116892093706,NA
213,NA,NA,NA,NA,NA,2.1009325848638802,NA
214,NA,NA,NA,NA,NA,3.6257122221548443,NA
215,NA,NA,NA,NA,NA,7.6459604020805907,NA
216,NA,NA,NA,NA,NA,4.3685832517218275,NA
217,NA,NA,NA,NA,NA,2.7767655582958692,NA
218,NA,NA,NA,NA,NA,1.8814254220220139,NA
219,NA,NA,NA,NA,NA,1.7369476313917025,NA
220,NA,NA,NA,NA,NA,5.5741937487311732,NA
221,NA,NA,NA,NA,NA,0.44547117022762645,NA
222,NA,NA,NA,NA,NA,3.6592612936022073,NA
223,NA,NA,NA,NA,NA,2.025388398903289,NA
224,NA,NA,NA,NA,NA,5.1315008748620956,NA
225,NA,NA,NA,NA,NA,4.3747567712072808,NA
226,NA,NA,NA,NA,NA,0.27455726598272118,NA
227,NA,NA,NA,NA,NA,5.6949319571455028,NA
228,NA,NA,NA,NA,NA,1.476056011680426,NA
229,NA,NA,NA,NA,NA,2.586231845100353,NA
230,NA,NA,NA,NA,NA,2.190522381160982,NA
231,NA,NA,NA,NA,NA,2.8646960954043763,NA
232,NA,NA,NA,NA,NA,0.64021363924805086,NA
233,NA,NA,NA,NA,NA,4.9459061949401733,NA
234,NA,NA,NA,NA,NA,1.1169413622445403,NA
235,NA,NA,NA,NA,NA,3.7174392876218891,NA
236,NA,NA,NA,NA,NA,5.0943366421504139,NA
237,NA,NA,NA,NA,NA,0.82289438766275613,NA
238,NA,NA,NA,NA,NA,0.4488612876280722,NA
239,NA,NA,NA,NA,NA,3.956180381171968,NA
240,NA,NA,NA,NA,NA,5.777740610807788,NA
241,NA,NA,NA,NA,NA,4.4041647437128137,NA
242,NA,NA,NA,NA,NA,0.19718388150045119,NA
243,NA,NA,NA,NA,NA,3.3125584225427307,NA
244,NA,NA,NA,NA,NA,4.6130422123771933,NA
245,NA,NA,NA,NA,NA,3.3492674943718543,NA
246,NA,NA,NA,NA,NA,4.6001146304249589,NA
247,NA,NA,NA,NA,NA,1.8627543716735679,NA
248,NA,NA,NA,NA,NA,2.2234365465045216,NA
249,NA,NA,NA,NA,NA,0.70252170534080083,NA
250,NA,NA,NA,NA,NA,0.97774269380928802,NA
251,NA,NA,NA,NA,NA,2.9495509249927374,NA
252,NA,NA,NA,NA,NA,2.7938768503430143,NA
253,NA,NA,NA,NA,NA,0.58047758566036423,NA
254,NA,NA,NA,NA,NA,1.9042986473511962,NA
255,NA,NA,NA,NA,NA,0.0940330080771173,NA
256,NA,NA,NA,NA,NA,2.5021900988559573,NA
257,NA,NA,NA,NA,NA,4.7553760192645447,NA
258,NA,NA,NA,NA,NA,2.2769981947473266,NA
259,NA,NA,NA,NA,NA,2.8640810415293561,NA
260,NA,NA,NA,NA,NA,4.5452797545256853,NA
261,NA,NA,NA,NA,NA,3.3277651215196435,NA
262,NA,NA,NA,NA,NA,1.5136437902112967,NA
263,NA,NA,NA,NA,NA,1.8849028640288545,NA
264,NA,NA,NA,NA,NA,2.0894761884551327,NA
265,NA,NA,NA,NA,NA,3.0449067523671376,NA
266,NA,NA,NA,NA,NA,5.7521290228144606,NA
267,NA,NA,NA,NA,NA,4.5371741805635084,NA
268,NA,NA,NA,NA,NA,4.4331047426928816,NA
269,NA,NA,NA,NA,NA,2.6022756969031722,NA
270,NA,NA,NA,NA,NA,1.6527455741818604,NA
271,NA,NA,NA,NA,NA,0.94372337769244019,NA
272,NA,NA,NA,NA,NA,0.9563694636303911,NA
273,NA,NA,NA,NA,NA,2.4254282816789106,NA
274,NA,NA,NA,NA,NA,2.4858816302265705,NA
275,NA,NA,NA,NA,NA,0.21814851905430072,NA
276,NA,NA,NA,NA,NA,4.2436876564610637,NA
277,NA,NA,NA,NA,NA,1.5026580770412301,NA
278,NA,NA,NA,NA,NA,0.1192998274621936,NA
279,NA,NA,NA,NA,NA,1.8385741129131781,NA
280,NA,NA,NA,NA,NA,5.4703579015785486,NA
281,NA,NA,NA,NA,NA,1.0188106899298448,NA
282,NA,NA,NA,NA,NA,4.4599731355349714,NA
283,NA,NA,NA,NA,NA,0.72864761396800304,NA
284,NA,NA,NA,NA,NA,2.6518595047066769,NA
285,NA,NA,NA,NA,NA,3.5195991384312668,NA
286,NA,NA,NA,NA,NA,4.0532290833652587,NA
287,NA,NA,NA,NA,NA,3.1905066499568484,NA
288,NA,NA,NA,NA,NA,3.6643637117927708,NA
289,NA,NA,NA,NA,NA,4.2979306316024628,NA
290,NA,NA,NA,NA,NA,3.1689841140049704,NA
291,NA,NA,NA,NA,NA,4.8821801248229555,NA
292,NA,NA,NA,NA,NA,5.9890061011489735,NA
293,NA,NA,NA,NA,NA,4.4168168279101279,NA
294,NA,NA,NA,NA,NA,5.0942530430072992,NA
295,NA,NA,NA,NA,NA,0.57899753547903055,NA
296,NA,NA,NA,NA,NA,4.4972871952791218,NA
297,NA,NA,NA,NA,NA,4.842122135772474,NA
298,NA,NA,NA,NA,NA,5.8244937910006493,NA
299,NA,NA,NA,NA,NA,4.1645201767907505,NA
300,NA,NA,NA,NA,NA,4.3520795667328178,NA
301,NA,NA,NA,NA,NA,3.325494967290433,NA
302,NA,NA,NA,NA,NA,3.0725684940954001,NA
303,NA,NA,NA,NA,NA,5.1859054132214588,NA
304,NA,NA,NA,NA,NA,0.76671243219089169,NA
305,NA,NA,NA,NA,NA,1.5264642494729337,NA
306,NA,NA,NA,NA,NA,2.3993243417831049,NA
307,NA,NA,NA,NA,NA,0.73315017317791642,NA
308,NA,NA,NA,NA,NA,3.8074813722086276,NA
309,NA,NA,NA,NA,NA,2.0764942793173864,NA
310,NA,NA,NA,NA,NA,0.33167287037000115,NA
311,NA,NA,NA,NA,NA,3.5855059920203907,NA
312,NA,NA,NA,NA,NA,3.1691988190960423,NA
313,NA,NA,NA,NA,NA,3.3445679262073265,NA
314,NA,NA,NA,NA,NA,1.5591564234199262,NA
315,NA,NA,NA,NA,NA,5.1633333539358981,NA
316,NA,NA,NA,NA,NA,5.2461698883787227,NA
317,NA,NA,NA,NA,NA,0.30211973362781785,NA
318,NA,NA,NA,NA,NA,3.5717838909890425,NA
319,NA,NA,NA,NA,NA,3.1741682140549936,NA
320,NA,NA,NA,NA,NA,1.3086654121659473,NA
321,NA,NA,NA,NA,NA,3.3787362049562275,NA
322,NA,NA,NA,NA,NA,1.725537515916947,NA
323,NA,NA,NA,NA,NA,1.6707602337113927,NA
324,NA,NA,NA,NA,NA,4.1103534588563626,NA
325,NA,NA,NA,NA,NA,3.2991289795490095,NA
326,NA,NA,NA,NA,NA,1.2637043424114163,NA
327,NA,NA,NA,NA,NA,3.0327358520544343,NA
328,NA,NA,NA,NA,NA,2.0719575178755618,NA
329,NA,NA,NA,NA,NA,0.60567657750758719,NA
330,NA,NA,NA,NA,NA,1.0524886327397298,NA
331,NA,NA,NA,NA,NA,2.8861734622880064,NA
332,NA,NA,NA,NA,NA,3.2148335121657317,NA
333,NA,NA,NA,NA,NA,3.3997744418499716,NA
334,NA,NA,NA,NA,NA,1.8822262786102895,NA
335,NA,NA,NA,NA,NA,5.2770056798880791,NA
336,NA,NA,NA,NA,NA,3.3000383914142501,NA
337,NA,NA,NA,NA,NA,5.3936956438332135,NA
338,NA,NA,NA,NA,NA,1.5634209732088404,NA
339,NA,NA,NA,NA,NA,3.1442217732699485,NA
340,NA,NA,NA,NA,NA,3.6254494779942337,NA
341,NA,NA,NA,NA,NA,2.1024569916846714,NA
342,NA,NA,NA,NA,NA,0.44328581857975918,NA
343,NA,NA,NA,NA,NA,0.19018814610260096,NA
344,NA,NA,NA,NA,NA,3.8590233380102159,NA
345,NA,NA,NA,NA,NA,2.8000366236783911,NA
346,NA,NA,NA,NA,NA,4.5531639734518317,NA
347,NA,NA,NA,NA,NA,1.4385017696974651,NA
348,NA,NA,NA,NA,NA,3.0713458920324661,NA
349,NA,NA,NA,NA,NA,0.98016357430819279,NA
350,NA,NA,NA,NA,NA,4.9071880545473432,NA
351,NA,NA,NA,NA,NA,4.0587026395423456,NA
352,NA,NA,NA,NA,NA,2.0551196141079067,NA
353,NA,NA,NA,NA,NA,4.8989272260977392,NA
354,NA,NA,NA,NA,NA,0.54072692781212894,NA
355,NA,NA,NA,NA,NA,5.3154799650884312,NA
356,NA,NA,NA,NA,NA,3.3950912089068499,NA
357,NA,NA,NA,NA,NA,2.5131698447007804,NA
358,NA,NA,NA,NA,NA,2.9163771321762093,NA
359,NA,NA,NA,NA,NA,1.9229641394924317,NA
360,NA,NA,NA,NA,NA,2.8921261656252324,NA
361,NA,NA,NA,NA,NA,3.8203351466355651,NA
362,NA,NA,NA,NA,NA,2.4136464058629108,NA
363,NA,NA,NA,NA,NA,4.2313143049253563,NA
364,NA,NA,NA,NA,NA,3.7031486629988311,NA
365,NA,NA,NA,NA,NA,0.55169641033493388,NA
366,NA,NA,NA,NA,NA,0.5021968732198262,NA
367,NA,NA,NA,NA,NA,1.9225224367247762,NA
368,NA,NA,NA,NA,NA,0.48616165394734379,NA
369,NA,NA,NA,NA,NA,2.6505017464719587,NA
370,NA,NA,NA,NA,NA,2.7501728257095555,NA
371,NA,NA,NA,NA,NA,4.7027940975974643,NA
372,NA,NA,NA,NA,NA,1.183670757208142,NA
373,NA,NA,NA,NA,NA,0.73343498096848481,NA
374,NA,NA,NA,NA,NA,3.389305799654093,NA
375,NA,NA,NA,NA,NA,0.12455068718848576,NA
376,NA,NA,NA,NA,NA,3.398779533325174,NA
377,NA,NA,NA,NA,NA,4.7430186021932821,NA
378,NA,NA,NA,NA,NA,0.46960857486586055,NA
379,NA,NA,NA,NA,NA,1.9134635125094943,NA
380,NA,NA,NA,NA,NA,0.36528759869831073,NA
381,NA,NA,NA,NA,NA,2.9914765200005435,NA
382,NA,NA,NA,NA,NA,3.4937938330107761,NA
383,NA,NA,NA,NA,NA,0.95265459188001467,NA
384,NA,NA,NA,NA,NA,0.92608628886339583,NA
385,NA,NA,NA,NA,NA,0.32400137713774041,NA
386,NA,NA,NA,NA,NA,2.2371557625228076,NA
387,NA,NA,NA,NA,NA,1.8878678102500517,NA
388,NA,NA,NA,NA,NA,3.0813628195616514,NA
389,NA,NA,NA,NA,NA,3.9027641656301939,NA
390,NA,NA,NA,NA,NA,2.6963566525465597,NA
391,NA,NA,NA,NA,NA,1.0351693195993794,NA
392,NA,NA,NA,NA,NA,3.8042030563768336,NA
393,NA,NA,NA,NA,NA,2.5077848013340414,NA
394,NA,NA,NA,NA,NA,4.2173715591943219,NA
395,NA,NA,NA,NA,NA,0.54679095701770419,NA
396,NA,NA,NA,NA,NA,2.3309387115569273,NA
397,NA,NA,NA,NA,NA,2.5792742560310695,NA
398,NA,NA,NA,NA,NA,4.0298722041751365,NA
399,NA,NA,NA,NA,NA,1.7303241803092748,NA
